Name,Price
Tommee Tippee Ctn Transition ,12.0
Heinz Baby Basics Non Spill S,7.0
Heinz Baby Basics Individual ,2.1
Little Wishes Non Spill Cups ,5.0
Little Wishes Spin & Sip Cups,
Tommee Tippee Ctn First Grown,10.0
Little Wishes Cups Non-spill,5.0
Paw Patrol Mashems ,5.0
Playgro Bathtime Splashbook,5.0
Little Wishes Spoon And Fork ,3.5
Little Wishes Suction Plate ,4.0
Ty Gear Wristlet Kit ,10.0
Bff Mini Plush In Bag ,14.0
Bonds 100 Crew Socks Size 6-1,10.0
Nuby Flip It No Spill Straw C,10.0
Huggies Ultimate Jumbo Infant,25.0
Huggies Ultra Dry Nappies Cra,16.0
Huggies Ultra Dry Nappies Cra,25.0
Huggies Ultra Dry Nappies Cra,16.0
Huggies Ultra Dry Nappies Cra,25.0
Nestle Cerelac Puree Apple Po,1.8
Nestle Cerelac Puree Banana &,1.8
Nestle Cerelac Puree Apple & ,1.8
Nestle Cerelac Puree Apple & ,1.8
Thankyou Jumbo Nappies Crawle,
Karicare Plus+ Toddler Formul,16.0
Karicare Plus+ Toddler Formul,16.0
S26 Original Alula Newborn 0 ,17.0
S26 Original Alula Progress 6,17.0
S26 Gold Alula Anti Reflux 0-,25.0
Aptamil Gold+ Ha Baby Formula,27.0
Sma Infacare Newborn 0 - 12 M,13.0
Aptamil Ar Gold Baby Formula ,27.0
S26 Gold Alula Newborn 0 -6 M,23.0
Aptamil Colic & Constipation ,28.0
